feature,coef_std_judge,coef_std_fan
week,0.3630243268388208,0.03949147882871712
ballroom_partner_Charlotte Jorgensen,0.031916403220790854,0.022835984004488892
celebrity_homecountry/region_New Zealand,0.028734875550288804,0.10857140632562881
celebrity_homestate_Maine,0.0122310793647878,0.050311289629939394
ballroom_partner_Jenna Johnson,0.011443775422033727,-0.17295281123610143
celebrity_homestate_Tennessee,0.00988673211578242,0.03624178404602014
celebrity_homestate_Indiana,0.009288681962762342,-0.11842522752648642
celebrity_industry_Musician,0.009103889442764489,0.08441665956827396
ballroom_partner_Val Chmerkovskiy,0.008854772037552932,-0.01742496144490889
celebrity_homestate_Mississippi,0.007814137693651382,0.0885282228094395
celebrity_homestate_Colorado,0.007487841107621438,-0.0358592743857655
celebrity_homestate_Massachusetts,0.007485586413616262,0.09517107953991313
celebrity_homestate_Utah,0.0071091107501736195,0.23595683232533043
ballroom_partner_Brandon Armstrong,0.006491941314045811,-0.08761028054137396
celebrity_homestate_Georgia,0.006143648324910142,0.16128671746850504
celebrity_industry_News Anchor,0.005678234312283696,0.06457469096434318
ballroom_partner_Sasha Farber,0.004856892102257947,-0.129096016424993
celebrity_homestate_Connecticut,0.004294776634430727,0.07197987182832172
ballroom_partner_Pasha Pashkov,0.003849486812547792,-0.06467744504407441
celebrity_homestate_Oregon,0.00381720402169132,0.050976567923831845
celebrity_homestate_Pennsylvania,0.003387740294982129,0.20714860304292324
celebrity_homestate_Wisconsin,0.0033514109885234376,-0.04037274421058343
ballroom_partner_Witney Carson,0.0028965689569991626,-0.10237190718494733
ballroom_partner_Daniella Karagach (Rumer Willis week 9),0.0021051262240951406,0.024573168006064627
celebrity_homecountry/region_Brazil,0.00162754566412842,0.00491247344911383
celebrity_industry_Journalist,0.0014379003723567173,0.010948765263929308
celebrity_industry_Athlete,0.000636462256841365,-0.10084038615205529
celebrity_industry_Conservationist,0.00043142460389447926,-0.004258848724968123
ballroom_partner_Witney Carson (Xoshitl Gomez week 9),0.00043142460389442375,-0.004258848724968137
ballroom_partner_Kym Herjavec,0.0003533026249044405,-0.015599432128262262
celebrity_homestate_South Carolina,0.00010418110471864875,0.037548944292545905
celebrity_homestate_Louisiana,3.358899583924026e-05,0.1669690799893925
ballroom_partner_Henry Byalikov,-0.0001886749328755266,0.00422537184330428
celebrity_homecountry/region_South Korea,-0.00021347042832017306,0.07299312173499506
celebrity_homecountry/region_Croatia,-0.00037776529310641627,0.055381541477982785
ballroom_partner_Ezra Sosa,-0.0004687159395039865,-0.022948900181600285
celebrity_industry_Con artist,-0.00046871593950409754,-0.022948900181600562
ballroom_partner_Rylee Arnold,-0.0008494063519982262,0.007090367925604458
celebrity_homestate_Arkansas,-0.001647421387990733,0.06758645763012246
ballroom_partner_Alec Mazo,-0.0017263334316446471,-0.1531852056127838
celebrity_homestate_West Virginia,-0.0019233993171426742,-0.03841038921158331
ballroom_partner_Gleb Savchenko,-0.0022516961150881726,-0.11336967890843298
ballroom_partner_Emma Slater/Kaitlyn Bristowe (week 9),-0.0023487847979511527,0.06511977160157192
ballroom_partner_Derek Hough,-0.002567102417478845,-0.04211917122564228
celebrity_homestate_Virginia,-0.0027812017700912794,0.06058515448845498
celebrity_industry_Social media personality,-0.0028011951738639122,-0.025545321638817838
ballroom_partner_Val Chmerkovskiy (Joey Graziadei week 9),-0.002801195173863985,-0.025545321638817578
celebrity_homestate_Nevada,-0.0029725824002117505,0.04796921672851629
celebrity_homecountry/region_Spain,-0.003129067106929881,-0.07050516202186578
ballroom_partner_Damian Whitewood,-0.0031327139493583372,-0.059832493242409655
celebrity_industry_Beauty Pagent,-0.003336048319195546,-0.06549031285586121
ballroom_partner_Brian Fortuna,-0.0033360483191961082,-0.065490312855863
celebrity_homestate_Rhode Island,-0.003476919810758365,-0.06818872766022427
ballroom_partner_Jesse DeSoto,-0.003476919810758471,-0.06818872766022416
celebrity_homestate_South Dakota,-0.0035859028045687608,0.018403429771168524
ballroom_partner_Inna Brayer,-0.003926986101085873,-0.21457887175117066
celebrity_industry_Motivational Speaker,-0.0040005629513122625,0.06674751245969865
celebrity_industry_Fashion Designer,-0.0040791947606205765,-0.06769758024622981
celebrity_homecountry/region_Philippines,-0.004081926967691503,0.02026080689748451
celebrity_homecountry/region_Wales,-0.004096349781953976,0.07004358364957745
celebrity_industry_Astronaut,-0.005149141863971626,0.02994800587122444
celebrity_homestate_Washington,-0.005236516570670764,0.08415376194055052
celebrity_homestate_New Mexico,-0.005380799661298501,-0.10719250881410025
ballroom_partner_Andrea Hale,-0.005566226552750185,-0.056111691507497244
celebrity_homestate_Maryland,-0.0058820325611504305,-0.01634009044176243
ballroom_partner_Ezra Sosa (Apolo Anton Ohno week 9),-0.0058858357479282045,-0.049725374726219115
ballroom_partner_Alan Bersten (Rashad Jennings week 9),-0.005971981732300416,-0.015326273126277365
celebrity_homecountry/region_Mexico,-0.006168141928462233,0.02029133073978744
ballroom_partner_Tyne Stecklein,-0.0062423237745257935,-0.1492621313772742
celebrity_homecountry/region_Ireland,-0.006276994891485232,0.06444884683659843
celebrity_industry_Military,-0.00634590044845006,0.027271412664422123
celebrity_homestate_Hawaii,-0.007038281815881614,0.04998640048816898
celebrity_industry_Fitness Instructor,-0.007082716176701809,0.04785436946594798
ballroom_partner_Ashly DelGrosso,-0.007363016066205513,-0.0654660075739674
ballroom_partner_Artem Chigvintsev,-0.008056563420061641,-0.2356198385125865
celebrity_industry_Radio Personality,-0.008408686021569984,-0.09177722368940629
celebrity_homecountry/region_Venezuela,-0.008489644411475795,-0.016186767655385403
ballroom_partner_Nick Kosovich,-0.00853628958197273,-0.052840162052041145
ballroom_partner_Keo Motsepe,-0.00870960214578104,-0.20289904509376938
ballroom_partner_Fabian Sanchez,-0.008746468836672197,-0.018987733649150226
ballroom_partner_Jan Ravnik,-0.008797978704415989,-0.12618385587585598
celebrity_homecountry/region_Taiwan China,-0.008902772349076105,-0.02340215186628411
ballroom_partner_Emma Slater,-0.009100708497891807,-0.11115858887534379
celebrity_homestate_Alaska,-0.00916033632206649,0.03371464570246141
ballroom_partner_Corky Ballas,-0.009167750389019229,0.03287184818279962
celebrity_industry_Model,-0.009548434291952504,-0.17586002328405576
ballroom_partner_Valentin Chmerkovskiy,-0.010280486456174895,-0.17588894004855218
celebrity_homestate_Kansas,-0.010428157737751236,0.0004040424367680595
celebrity_industry_Singer/Rapper,-0.01052494178466054,-0.16145404213993958
celebrity_industry_Sports Broadcaster,-0.010536947653719639,0.02679213225725835
celebrity_homecountry/region_Cuba,-0.01066282525989778,0.0034477528421378717
ballroom_partner_Daniella Karagach,-0.010676441559519877,-0.011618569187554217
celebrity_homestate_Nebraska,-0.010983882115295263,0.03382641527380331
celebrity_homestate_New Hamshire,-0.011173084222871183,-0.04124267048203063
celebrity_industry_Magician,-0.011229257733651157,-0.1464463911750344
celebrity_industry_Racing Driver,-0.011734853363178914,0.022277901937868688
celebrity_industry_Politician,-0.011770035559853915,-0.08974396939479391
celebrity_homecountry/region_Czechoslovakia,-0.011885431623343394,-0.07807165639522365
celebrity_industry_Producer,-0.011902302158993232,0.03475913140031649
celebrity_homecountry/region_Russia,-0.011960655478855449,-0.035515770711123745
celebrity_industry_Entrepreneur,-0.01219549030333937,-0.11916332472200653
ballroom_partner_Tristan MacManus,-0.012435372915707541,-0.03407211564001823
celebrity_homestate_Arizona,-0.01303945730843896,0.10623221654935217
celebrity_homestate_North Carolina,-0.013362059378692767,-0.03611340203201798
celebrity_homecountry/region_Germany,-0.013752470676003275,0.02866323995915574
ballroom_partner_Sharna Burgess,-0.013986333736789518,-0.16276853400781027
ballroom_partner_Dmitry Chaplin,-0.014401304719913709,-0.10990337640090966
celebrity_homestate_Washington D.C.,-0.014642183814070852,0.11775691732455197
ballroom_partner_Koko Iwasaki,-0.014701057803289341,-0.006013313123191869
celebrity_homestate_Missouri,-0.01617319199206641,-0.030564315698449362
celebrity_homecountry/region_Yugoslavia,-0.016233546679727127,-0.12171991861497136
ballroom_partner_Anna Trebunskaya,-0.016495937095930335,-0.1990650127773356
celebrity_homestate_Florida,-0.016924876259447615,0.08700439946257589
ballroom_partner_Tony Dovolani,-0.017140909058657054,-0.20119175030097639
celebrity_homecountry/region_South Africa,-0.01757300724276411,-0.12455260736657536
ballroom_partner_Allison Holker,-0.01760275439805635,-0.023550818682796217
ballroom_partner_Peta Murgatroyd,-0.017680621201852622,-0.06855240129559331
celebrity_homestate_Minnesota,-0.01778309173870298,0.03111108858611423
celebrity_homestate_Delaware,-0.017878857752950273,-0.006891548644468892
celebrity_homestate_New Jersey,-0.01810617421712028,0.007484172528985492
celebrity_industry_Social Media Personality,-0.018182421800810047,-0.05408871325746273
ballroom_partner_Louis van Amstel,-0.018271280781140514,-0.08182838724255637
celebrity_homestate_Ohio,-0.01857372107853033,-0.12401479472489711
celebrity_homecountry/region_France,-0.018868995373659513,-0.002897678586694666
ballroom_partner_Britt Stewart,-0.01932446622846993,-0.09794389680753061
ballroom_partner_Lindsay Arnold,-0.019419430169789573,-0.06989746743346896
ballroom_partner_Maksim Chmerkoskiy,-0.01996967131928294,-0.16880721033968737
ballroom_partner_Jonathan Roberts,-0.02087696658337069,-0.2172671669216254
celebrity_homecountry/region_Canada,-0.020899880853509457,0.020946997980631737
celebrity_industry_Comedian,-0.021344182892772873,-0.09472981744594539
celebrity_homecountry/region_Poland,-0.0219616048741049,-0.04816773220468318
ballroom_partner_Cheryl Burke,-0.022097130252332682,-0.1363357568990961
celebrity_homestate_Michigan,-0.02252069440340652,0.030361435920541226
celebrity_homecountry/region_Chile,-0.023136648005651496,-0.04222859276549314
ballroom_partner_Kym Johnson,-0.023423956293021558,-0.21855314572274634
ballroom_partner_Julianne Hough,-0.023944204168443062,-0.08322062345062103
celebrity_homestate_Iowa,-0.024549708990273807,0.01531005468102549
celebrity_homestate_Kentucky,-0.026106550604859752,0.04549850372500906
celebrity_homestate_Texas,-0.026753825581757575,0.11686690024118448
celebrity_homestate_Illinois,-0.028078506260170805,0.022722435029385764
ballroom_partner_Elena Grinenko,-0.028097877625135277,-0.13053683205953934
celebrity_homecountry/region_Italy,-0.029395548263766773,-0.1354938022360691
celebrity_homestate_New York,-0.03135485774619401,0.05872055019209145
ballroom_partner_Anna Demidova,-0.031666037529816726,-0.014917764868443872
ballroom_partner_Mark Ballas,-0.03205070956231298,-0.2764010790067627
celebrity_homecountry/region_Australia,-0.03317376608867703,-0.09400878606652616
celebrity_homestate_California,-0.033744491988580184,-0.06892856924159385
ballroom_partner_Karina Smirnoff,-0.03511205801970017,-0.1300195705730086
ballroom_partner_Lacey Schwimmer,-0.03521196999384734,-0.12112182728171848
ballroom_partner_Edyta Sliwinska,-0.03657135303090592,-0.2068744935092295
ballroom_partner_Chelsie Hightower,-0.03681768531099089,-0.1468063357633428
celebrity_homecountry/region_England,-0.03786754902037219,0.021429107628013075
celebrity_homecountry/region_United States,-0.04021471034760134,-0.20361955000462678
celebrity_industry_TV Personality,-0.04131803485044433,-0.12924687090436285
age,-0.07443708287070544,-0.3374875631871556
season,-0.15523131551057784,-0.030069436032218316
intercept,-2.0680099206148244,-2.7067557929868724
