feature,coef_judge,se_robust_judge,t_robust_judge,coef_fan,se_robust_fan,t_robust_fan,direction_same,diff,diff_se,diff_t,diff_p
celebrity_homecountry/region_New Zealand,0.7534353924969567,5.825784783165985,0.1293277078607609,2.8467685546690786,16.477807703640273,0.17276379272469428,True,-2.093333162172122,17.477354349497954,-0.1197740298852643,0.9046621549661191
ballroom_partner_Charlotte Jorgensen,0.5216002665003828,0.0,,-0.30921019636743446,,,False,0.8308104628678172,,,
celebrity_homestate_Maine,0.32264172242562106,0.0,,1.4593127430063304,,,True,-1.1366710205807093,,,
ballroom_partner_Val Chmerkovskiy,0.20770084036228711,0.7004472451546594,0.29652602933205424,-0.4087264042529548,1.7744601930823856,-0.2303384465012782,False,0.6164272446152419,1.9077042014103571,0.32312517011784114,0.746600448863195
celebrity_homestate_Tennessee,0.18343886453702654,0.0,,0.6724316625899138,,,True,-0.4889927980528873,,,
celebrity_industry_Musician,0.1511364345138916,,,1.4014266123214165,0.49020017481633094,2.858886398493239,True,-1.2502901778075248,,,
week,0.1320270789241144,5.50154206016973,0.023998194957004684,0.01436252120498778,61755.4569281627,2.325708839252059e-07,True,0.11766455771912661,61755.45717321768,1.9053305263223892e-06,0.9999984797661898
celebrity_homestate_Indiana,0.12602239018999659,0.0,,-1.6067112956943852,0.0,,False,1.7327336858843818,0.0,inf,0.0
celebrity_homestate_Colorado,0.10908506254316087,0.0,,-0.5224084129058566,,,False,0.6314934754490175,,,
ballroom_partner_Jenna Johnson,0.08168269346465873,0.26938430206764197,0.30321994577155553,-1.234492197116129,0.6811903333652573,-1.8122573628099163,False,1.3161748905807875,0.7325217897583258,1.7967723404037181,0.07237176915507582
celebrity_homestate_Mississippi,0.07396306947709952,2.9128923915829925,0.02539162438366107,0.8379451899930639,11.65156956633197,0.07191693661722327,True,-0.7639821205159644,12.010163006554718,-0.06361130320204732,0.9492797313183305
celebrity_industry_News Anchor,0.07239142433658448,0.3385936106632996,0.21380032598598303,0.8232583577771552,0.9633486080025967,0.8545799007112242,True,-0.7508669334405706,1.0211200584272893,-0.7353365818677996,0.46213453432410523
celebrity_homestate_Massachusetts,0.06673083506421254,,,0.8484098988033999,,,True,-0.7816790637391874,,,
celebrity_homestate_Utah,0.06166083033079009,,,2.046570199099364,,,True,-1.984909368768574,,,
celebrity_homestate_Wisconsin,0.05863667138349981,,,-0.7063661673345488,0.0,,False,0.7650028387180486,,,
celebrity_industry_Journalist,0.05329938772499801,,,0.4058434757587508,,,True,-0.3525440880337528,,,
ballroom_partner_Brandon Armstrong,0.051133468411343315,0.7348819588242559,0.0695805194253948,-0.6900582269404169,2.059725962955034,-0.3350242893236189,False,0.7411916953517602,2.1868979253445775,0.33892377269276286,0.7346671552252051
celebrity_homestate_Oregon,0.048665275315571285,0.0,,0.6498968089100584,,,True,-0.6012315335944871,,,
celebrity_homestate_Connecticut,0.034592552316099257,,,0.5797664684037706,0.0,,True,-0.5451739160876713,,,
ballroom_partner_Pasha Pashkov,0.03338850125570389,1.0294228825062075,0.0324341937828476,-0.5609794396570529,1.661103065091731,-0.33771501085399175,False,0.5943679409127568,1.9542197583395098,0.30414590701804595,0.7610167336670819
ballroom_partner_Daniella Karagach (Rumer Willis week 9),0.033327546915577384,0.4178980345922608,0.07975042751300508,0.3890329236379946,0.05574296902354454,6.979049204818568,True,-0.3557053767224172,0.4215993903122184,-0.8437046753293383,0.3988344543058713
celebrity_homestate_Georgia,0.029586661030476247,0.0,,0.7767266591595651,0.0,,True,-0.7471399981290888,0.0,-inf,0.0
ballroom_partner_Sasha Farber,0.026575992295878703,0.7692058453828775,0.03454990943633602,-0.7063889140845914,,,False,0.7329649063804701,,,
celebrity_homecountry/region_Brazil,0.023710561964603805,2.9128923915829925,0.008139868823550483,0.07156635213499962,16.477807703640273,0.004343196220161569,True,-0.04785579017039582,16.733292826072482,-0.002859914702253387,0.997718121324483
celebrity_homestate_Pennsylvania,0.01882623734468601,,,1.1511593058895107,0.0,,True,-1.1323330685448247,,,
ballroom_partner_Witney Carson,0.015173934914330903,0.7911935079762897,0.019178538197491924,-0.5362843694527851,,,False,0.5514583043671161,,,
ballroom_partner_Kym Herjavec,0.009263680345476463,0.7609136470756617,0.012174417400816215,-0.4090208864040102,,,False,0.41828456674948666,,,
celebrity_industry_Conservationist,0.006830148027349714,1.7539097442819795e+17,3.894241450916768e-20,-0.0674244513526927,,,False,0.07425459938004242,,,
ballroom_partner_Witney Carson (Xoshitl Gomez week 9),0.006830148027348604,1.7539097442819795e+17,3.8942414509161355e-20,-0.06742445135269914,,,False,0.07425459938004775,,,
celebrity_industry_Athlete,0.0015355530679193041,,,-0.2432913541399886,,,False,0.2448269072079079,,,
celebrity_homestate_South Carolina,0.0011686217385800737,,,0.42119454078903906,0.0,,True,-0.420025919050459,,,
celebrity_homestate_Louisiana,0.0002209482426372561,2.9128923915829925,7.585183828819135e-05,1.0983217532099399,0.0,,True,-1.0981008049673027,2.9128923915829925,-0.37697953008505986,0.7061888172124227
celebrity_homecountry/region_South Korea,-0.0035438874355018107,4.155500320666324,-0.00085281847239361,1.2117809901385814,19.073329334227203,0.06353274611391695,False,-1.2153248775740833,19.520760098084036,-0.06225807148223534,0.9503573177795035
age,-0.005798368510014196,0.00784490118645184,-0.7391257547039586,-0.02628901057695654,0.019345517558220667,-1.3589199925946314,True,0.020490642066942344,0.020875620331396564,0.9815584754683807,0.326317413067597
celebrity_homecountry/region_Croatia,-0.007009073940445004,5.757109085235838,-0.0012174641537399113,1.0275515677028402,18.680022570736988,0.055008047437401994,False,-1.034560641643285,19.5470598367772,-0.052926662642981764,0.9577903404472006
ballroom_partner_Rylee Arnold,-0.009125688893415279,0.4784379338425992,-0.019073924218595783,0.07617613369232867,,,False,-0.08530182258574395,,,
ballroom_partner_Henry Byalikov,-0.009888798644013153,0.6303260132041553,-0.015688387337443245,0.2214594738031121,1.1920830833892002,0.1857752004780428,False,-0.23134827244712525,1.3484706005785025,-0.17156345295765096,0.8637807416737919
ballroom_partner_Derek Hough,-0.010895195082747361,1.2786755475886549,-0.008520687756400504,-0.17876052942122755,2.6507720882966654,-0.06743715546518207,True,0.1678653343384802,2.9430602814237106,0.05703768128639045,0.9545151786598263
ballroom_partner_Gleb Savchenko,-0.013814670031260468,0.4518562799348685,-0.030573150456715447,-0.6955488776548131,,,True,0.6817342076235526,,,
season,-0.01615108158429067,2.0152451772418956,-0.008014449937250494,-0.003128582096676963,22621.783804981365,-1.382995312680887e-07,True,-0.013022499487613706,22621.78389474469,-5.75661917212417e-07,0.999999540688244
ballroom_partner_Ezra Sosa,-0.017374133196430316,19546449.32549722,-8.888639009114948e-10,-0.8506586076173629,,,True,0.8332844744209326,,,
celebrity_industry_Con artist,-0.01737413319643155,33947352.17275735,-5.117964166399476e-10,-0.8506586076173916,,,True,0.8332844744209601,,,
ballroom_partner_Alec Mazo,-0.02082597265049682,0.7428330166294683,-0.02803587372165096,-1.847980722654127,3.203119570458719,-0.5769315450154979,True,1.82715475000363,3.288126498973311,0.5556826206577342,0.5784278394162077
celebrity_homestate_Virginia,-0.02240136703785768,,,0.48798699085261515,,,False,-0.5103883578904729,,,
celebrity_homestate_Arkansas,-0.024000117331683238,,,0.9846193117196236,,,False,-1.0086194290513069,,,
celebrity_industry_Singer/Rapper,-0.02986508838598259,,,-0.458134528193881,,,True,0.42826943980789844,,,
ballroom_partner_Emma Slater/Kaitlyn Bristowe (week 9),-0.041094608455861374,0.5206201326224867,-0.07893395948569663,1.1393429994249256,,,False,-1.180437607880787,,,
celebrity_homestate_West Virginia,-0.041192572118517776,,,-0.8226179106944225,0.0,,True,0.7814253385759047,,,
ballroom_partner_Val Chmerkovskiy (Joey Graziadei week 9),-0.044347442214195926,,,-0.40442368521492433,29548022664.982162,-1.3686996581812337e-11,True,0.3600762430007284,,,
celebrity_industry_Social media personality,-0.044347442214198785,,,-0.40442368521496175,41991554069.383736,-9.631072109089413e-12,True,0.36007624300076296,,,
ballroom_partner_Valentin Chmerkovskiy,-0.044411685504679055,0.6342166354631105,-0.07002604949371796,-0.7598399475051547,2.639808729872087,-0.2878390161024935,True,0.7154282620004757,2.714925573750969,0.26351671254546866,0.7921523438809148
celebrity_homestate_Nevada,-0.047060778716993865,,,0.7594301485223542,0.0,,False,-0.8064909272393481,,,
ballroom_partner_Artem Chigvintsev,-0.047616431412833275,0.7788239055406416,-0.06113889298220635,-1.3925758782087794,1.5528194325659503,-0.8968047726628606,True,1.344959446795946,1.737185904270472,0.7742173382190545,0.4388022768152602
celebrity_homestate_Washington,-0.04879352254469179,0.0,,0.7841393080784322,16.477807703640273,0.04758759916255124,False,-0.8329328306231241,16.477807703640273,-0.050548765078689,0.9596850901328375
ballroom_partner_Emma Slater,-0.04929989517965644,0.9886522761900637,-0.04986575802934658,-0.602162653725508,1.2178701283855762,-0.49443913574244763,True,0.5528627585458517,1.5686430355022438,0.35244650697017094,0.7245034290931787
celebrity_homestate_Maryland,-0.05171196148387101,,,-0.14365410575048543,8.238903851820137,-0.01743607017804309,True,0.09194214426661441,,,
celebrity_industry_Model,-0.05935668367985075,,,-1.0932125053005144,0.36411154894787406,-3.0024109602110367,True,1.0338558216206637,,,
ballroom_partner_Damian Whitewood,-0.06212637812837429,,,-1.186567353301679,2.0372256733450276,-0.5824427646022111,True,1.1244409751733047,,,
celebrity_homestate_Hawaii,-0.0645928365563461,0.7282230978957481,-0.0886992416788092,0.4587431252733649,,,False,-0.523335961829711,,,
celebrity_industry_Motivational Speaker,-0.06641456097539504,,,1.1080957330658028,,,False,-1.1745102940411978,,,
celebrity_homecountry/region_Wales,-0.06800474725209618,4.479829984406684,-0.015180207170541282,1.1628148122763047,8.238903851820137,0.14113707760036742,False,-1.2308195595284008,9.378081539884684,-0.13124428000479246,0.8955820685014841
celebrity_homestate_Florida,-0.07642880378227138,,,0.39289162725823945,,,False,-0.4693204310405108,,,
ballroom_partner_Sharna Burgess,-0.07772438722672115,0.6696893886664705,-0.11606035356404713,-0.9045318668659205,,,True,0.8268074796391993,,,
ballroom_partner_Keo Motsepe,-0.07993114265527473,0.7742388708015678,-0.1032383488735488,-1.862077308073663,3.9416231400020005,-0.4724138361113635,True,1.7821461654183883,4.016943963619522,0.44365721343360764,0.6572904341598695
celebrity_homecountry/region_Philippines,-0.08095068441825953,,,0.40180194261186764,16.477807703640273,0.02438442964248828,False,-0.48275262703012717,,,
ballroom_partner_Daniella Karagach,-0.08502698160919328,1.0313076986388878,-0.0824457935506651,-0.09253006848095718,2.00054363388582,-0.046252462037645464,True,0.007503086871763903,2.2507266382999336,0.003333628679772188,0.9973401540714746
ballroom_partner_Tony Dovolani,-0.08521656579616399,0.7149909537472033,-0.11918551605380687,-1.0002310827563927,,,True,0.9150145169602287,,,
ballroom_partner_Cheryl Burke,-0.08707095489336836,,,-0.5372138555440709,,,True,0.4501429006507025,,,
ballroom_partner_Ezra Sosa (Apolo Anton Ohno week 9),-0.0931822827444953,0.6387172970952888,-0.14588971234732923,-0.7872329649948623,1.1798562670134065,-0.6672278539381756,True,0.6940506822503669,1.3416484623102738,0.5173118754634392,0.6049384654642433
celebrity_homestate_California,-0.09393114263366692,0.0,,-0.19186951373157823,,,True,0.09793837109791131,,,
celebrity_homestate_New Mexico,-0.09414308856790345,0.0,,-1.8754524394736654,,,True,1.7813093509057618,,,
ballroom_partner_Peta Murgatroyd,-0.09438438388759093,0.47691332514190315,-0.19790678706556863,-0.3659529881009993,1.078978087730742,-0.33916628359956325,True,0.27156860421340834,1.179677936345762,0.2302057161928745,0.8179319202559738
ballroom_partner_Alan Bersten (Rashad Jennings week 9),-0.09454611276232978,0.8380778200966822,-0.11281304730320005,-0.24263964830732798,3.7254768455640654,-0.06512982320538098,True,0.1480935355449982,3.8185798615940962,0.03878235912635212,0.9690639096305824
celebrity_homecountry/region_Spain,-0.09472002249992695,2.9128923915829925,-0.03251751515903132,-2.1342624829879546,16.477807703640273,-0.1295234488333332,True,2.0395424604880277,16.733292826072482,0.12188530265305435,0.9029898556201164
celebrity_homestate_Kansas,-0.09570294369549867,,,0.003708042354920865,0.0,,False,-0.09941098605041954,,,
ballroom_partner_Maksim Chmerkoskiy,-0.09768544373537122,0.7250158359756982,-0.13473560009059657,-0.8257525616778321,,,True,0.7280671179424608,,,
ballroom_partner_Ashly DelGrosso,-0.0998962917871973,1.995035072631356,-0.05007244892965158,-0.8881973549899334,4.806410365174368,-0.18479432414375446,True,0.7883010632027361,5.204012446130851,0.1514794730725198,0.8795975020980487
ballroom_partner_Brian Fortuna,-0.10098555290017565,27868684.92130603,-3.6236210350553956e-09,-1.9824579324286409,,,True,1.8814723795284651,,,
celebrity_industry_Beauty Pagent,-0.10098555290017586,45693177.868756905,-2.2100794387782247e-09,-1.9824579324286415,,,True,1.8814723795284656,,,
celebrity_homecountry/region_Mexico,-0.10239919811244402,4.119451925910068,-0.024857481032460892,0.3368625463693675,16.875303515073995,0.01996186593434971,False,-0.43926174448181154,17.370830518307205,-0.025287319683354886,0.9798257881251857
celebrity_homestate_New York,-0.10394449365410352,0.0,,0.19466450481814412,0.0,,False,-0.29860899847224764,0.0,-inf,0.0
celebrity_industry_Military,-0.1053502213080049,,,0.4527410070356296,,,False,-0.5580912283436344,,,
celebrity_homestate_Texas,-0.10567793428447733,,,0.4616256679246129,0.0,,False,-0.5673036022090903,,,
celebrity_industry_Fashion Designer,-0.10695747403397868,,,-1.7750469409428629,,,True,1.6680894669088842,,,
celebrity_industry_Radio Personality,-0.10720176808903122,,,-1.1700616035095992,,,True,1.062859835420568,,,
celebrity_homestate_South Dakota,-0.1085489005905616,,,0.5570904114330764,0.0,,False,-0.6656393120236379,,,
celebrity_industry_Racing Driver,-0.10934460426267659,,,0.2075840486290319,,,False,-0.31692865289170846,,,
celebrity_homecountry/region_Ireland,-0.10982302319480197,2.9128923915829925,-0.037702396254713465,1.1276044227175366,23.30313913266394,0.04838852037479263,False,-1.2374274459123384,23.484489253999875,-0.052691264967645826,0.9579778989048826
celebrity_industry_TV Personality,-0.11044731532208682,,,-0.34549004948653883,,,True,0.235042734164452,,,
celebrity_industry_Social Media Personality,-0.11617200714512041,,,-0.3455862179335785,0.6306597024003201,-0.547975741304322,True,0.2294142107884581,,,
ballroom_partner_Lindsay Arnold,-0.11689461099656587,,,-0.42074546955511277,0.6808100987091361,-0.6180070923637528,True,0.3038508585585469,,,
celebrity_industry_Fitness Instructor,-0.11758232306648153,,,0.7944449262553352,,,False,-0.9120272493218168,,,
celebrity_homecountry/region_United States,-0.11763982456534729,,,-0.5956469146133798,,,True,0.47800709004803255,,,
celebrity_homestate_Ohio,-0.11784341242999422,0.0,,-0.786828150395833,8.238903851820137,-0.09550155755513606,True,0.6689847379658388,8.238903851820137,0.08119826981814418,0.9352842754595978
ballroom_partner_Anna Trebunskaya,-0.11990018619189118,0.5809160029401388,-0.20639849063384547,-1.4468976183343418,2.4870777881336563,-0.581766129406076,True,1.3269974321424507,2.554020228326265,0.5195720133399556,0.6033619085742812
ballroom_partner_Louis van Amstel,-0.12110114920280768,0.7816448386907923,-0.15493116976969332,-0.5423545208015146,,,True,0.4212533715987069,,,
celebrity_homestate_Alaska,-0.12861960798330224,0.0,,0.47338485849042966,11.65156956633197,0.040628419698776765,False,-0.6020044664737318,11.65156956633197,-0.05166724217252808,0.9587938393209223
ballroom_partner_Jesse DeSoto,-0.12888076298264062,73050361.39886416,-1.7642727635382314e-09,-2.5275864057814377,641625294.6287768,-3.939349690451053e-09,True,2.398705642798797,645770372.5071082,3.714486983176661e-09,0.9999999970362683
celebrity_homestate_Rhode Island,-0.12888076298264067,162472253.26737985,-7.932478339580986e-10,-2.5275864057814337,,,True,2.398705642798793,,,
ballroom_partner_Kym Johnson,-0.12949348280722117,0.7765556129062509,-0.16675364990614547,-1.2082163945355087,,,True,1.0787229117282875,,,
ballroom_partner_Andrea Hale,-0.1297972366789419,,,-2.142638353034509,,,True,2.0128411163555673,,,
celebrity_homestate_Arizona,-0.13215170748095262,0.0,,1.0766375067923506,0.0,,False,-1.2087892142733032,0.0,-inf,0.0
ballroom_partner_Mark Ballas,-0.13524870571459557,0.8552807547065351,-0.15813369466147087,-1.1663669448909317,,,True,1.0311182391763363,,,
celebrity_homecountry/region_Canada,-0.13645926623725654,2.9128923915829925,-0.046846655452005434,0.1367669028519931,13.026850797443014,0.010498846189198583,False,-0.2732261690892497,13.34854987569001,-0.020468603079263407,0.9836695579402528
celebrity_industry_Comedian,-0.1404019257764001,77.53759495726416,-0.0018107593594279576,-0.6231322540982249,870361.8868392378,-7.159461639125313e-07,True,0.48273032832182483,870361.8902930188,5.546317384821471e-07,0.999999557467899
celebrity_homestate_Washington D.C.,-0.1408575091082457,0.0,,1.1328191385400574,0.0,,False,-1.2736766476483032,0.0,-inf,0.0
celebrity_homestate_New Jersey,-0.14107988047361453,0.0,,0.05831525496077261,,,False,-0.19939513543438714,,,
ballroom_partner_Tristan MacManus,-0.14274662096073226,1.1079864553003806,-0.12883426532685632,-0.39111648758461093,0.9102788723696852,-0.4296666653005317,True,0.24836986662387867,1.4339601147213712,0.1732055613500371,0.862489852387027
celebrity_homestate_North Carolina,-0.14355672827077626,0.0,,-0.38798823560909756,0.0,,True,0.2444315073383213,0.0,inf,0.0
ballroom_partner_Corky Ballas,-0.1451402902605993,1.0570362316338677,-0.13730871839298736,0.520414429298625,,,False,-0.6655547195592243,,,
celebrity_homestate_Michigan,-0.14704186377820183,,,0.19823554481793515,,,False,-0.345277408596137,,,
celebrity_homestate_Illinois,-0.15061804584205354,,,0.12188713776961879,0.0,,False,-0.2725051836116723,,,
celebrity_industry_Entrepreneur,-0.15112657535182705,39.56635784224496,-0.0038195725761361174,-1.4766725014608277,444087.12958033645,-3.325186440003986e-06,True,1.3255459261090006,444087.13134293724,2.9848780398128103e-06,0.9999976184118962
celebrity_industry_Astronaut,-0.1558697261974623,,,0.906556393011418,,,False,-1.0624261192088804,,,
celebrity_industry_Politician,-0.15968767364631908,0.49020017481633094,-0.32576013198312537,-1.2175838911925447,1.4564461957914963,-0.8359964787651195,True,1.0578962175462256,1.5367276052135859,0.6884084166622304,0.4911956250833829
celebrity_homecountry/region_Venezuela,-0.16836227865323197,5.045277619202561,-0.03337027045101291,-0.3210076835263444,0.0,,True,0.15264540487311243,5.045277619202561,0.030255105148651668,0.9758636010674182
ballroom_partner_Dmitry Chaplin,-0.17373305337814518,0.5753734790278443,-0.30194831654682097,-1.3258416185231667,1.4564461957914963,-0.9103265347901484,True,1.1521085651450216,1.5659789786597158,0.7357113861969488,0.4619063588445771
ballroom_partner_Jan Ravnik,-0.17447700638862176,0.23938803823148697,-0.7288459677333728,-2.502413584695492,0.7282230978957481,-3.4363282240379247,True,2.32793657830687,0.7665608346094915,3.03685822860072,0.00239057862689096
ballroom_partner_Karina Smirnoff,-0.17528470375847904,0.7723553297393302,-0.22694826721482922,-0.6490773596326526,,,True,0.4737926558741735,,,
celebrity_homecountry/region_Cuba,-0.1770168016381592,4.119451925910068,-0.0429709594436043,0.05723719240248948,5.825784783165985,0.009824803787445147,False,-0.23425399404064867,7.135100035013701,-0.032831213702836176,0.9738091866884098
ballroom_partner_Allison Holker,-0.17839960629078322,0.7723972361081378,-0.23096872690751935,-0.23868178160239606,2.5226388096012804,-0.09461591595830608,True,0.06028217531161284,2.63823881672112,0.022849400490033454,0.9817704024031404
celebrity_homestate_Nebraska,-0.18234676403567596,,,0.5615625968448953,,,False,-0.7439093608805712,,,
ballroom_partner_Nick Kosovich,-0.1828178481171387,1.2192513555835904,-0.1499427064648483,-1.1316538207554925,3.8748380835520306,-0.2920518990352534,True,0.9488359726383537,4.062135404173229,0.2335805871127704,0.8153106001213615
celebrity_homestate_Missouri,-0.1856533392818834,,,-0.3508501769513043,,,True,0.16519683766942092,,,
ballroom_partner_Britt Stewart,-0.1859009702618975,0.6047748214713392,-0.30738873984473164,-0.9422182860050701,,,True,0.7563173157431726,,,
ballroom_partner_Fabian Sanchez,-0.1873191620304188,0.16351006976930454,-1.1456123913022993,-0.40665169252104527,,,True,0.21933253049062648,,,
celebrity_industry_Producer,-0.18843265979348212,7.9085500691400705,-0.0238264483560349,0.5502931697061344,88776.8436979084,6.1986115611260395e-06,False,-0.7387258294996165,88776.84405016899,-8.321154433943974e-06,0.9999933606793492
ballroom_partner_Tyne Stecklein,-0.18896144702855455,0.4017669094664964,-0.47032605865792976,-4.518315510437914,3.2105885536773258,-1.4073168937398568,True,4.329354063409359,3.2356290749321253,1.3380254544474253,0.18088813924103153
celebrity_homecountry/region_Russia,-0.1893564870600474,5.449522666922058,-0.03474735286622777,-0.5622719916126084,18.42274907275468,-0.030520525975363248,True,0.37291550455256106,19.211844801969974,0.019410707737672464,0.9845134684790968
celebrity_homestate_Kentucky,-0.19336775607756146,0.0,,0.3370013795906385,,,False,-0.5303691356681999,,,
celebrity_homestate_New Hamshire,-0.19548556418778953,0.0,,-0.7215864972438927,,,True,0.5261009330561032,,,
celebrity_homestate_Iowa,-0.19551342487944187,,,0.1219289901547187,,,False,-0.3174424150341606,,,
ballroom_partner_Julianne Hough,-0.19743501573072916,0.8485177338037859,-0.23268225031155884,-0.6862063564321559,2.807144192651986,-0.24444998522996353,True,0.4887713407014267,2.9325826267846713,0.16666924786270151,0.8676303036885593
ballroom_partner_Inna Brayer,-0.2058205307915627,0.30372246098318595,-0.677659894251143,-11.246471503494721,1.7199212839467313,-6.538945478764738,True,11.040650972703158,1.7465327240789552,6.321468141128311,2.5908963863230383e-10
ballroom_partner_Jonathan Roberts,-0.2078085312023305,0.3406901855620564,-0.6099633626354592,-2.162669114603977,1.5270928544026603,-1.4162001402658189,True,1.9548605834016466,1.564634905818598,1.2494036635203962,0.21151746915758185
celebrity_homecountry/region_Czechoslovakia,-0.20794887608100843,2.9128923915829925,-0.07138913771133164,-1.3659506625981437,8.238903851820137,-0.16579276650939168,True,1.1580017865171353,8.738677174748977,0.13251454005684785,0.8945773231409493
celebrity_homestate_Minnesota,-0.220368159605822,,,0.38552876157835614,,,False,-0.6058969211841781,,,
celebrity_homecountry/region_France,-0.22762994355023478,2.7414359673586057,-0.0830331061022585,-0.03495673193263582,11.421732992676048,-0.003060545361640927,True,-0.19267321161759896,11.746125136363565,-0.016403129490007107,0.9869127831139295
celebrity_homestate_Delaware,-0.23490838756701266,0.0,,-0.09054731584549425,,,True,-0.1443610717215184,,,
celebrity_homecountry/region_England,-0.23539902566306892,4.119451925910068,-0.05714328748018212,0.1332114485082201,0.0,,False,-0.368610474171289,4.119451925910068,-0.08948046507178395,0.9287000779144181
celebrity_homecountry/region_Germany,-0.2406148056748189,2.9128923915829925,-0.0826033966685801,0.5014953367482504,8.238903851820137,0.06086918184358471,False,-0.7421101424230694,8.738677174748977,-0.08492248055202782,0.9323230194487209
ballroom_partner_Edyta Sliwinska,-0.2543379851448897,0.6212226075018992,-0.40941521134855374,-1.43872286629763,2.4467713612252306,-0.5880087077597572,True,1.1843848811527402,2.52440242873109,0.4691743549573751,0.638945014603538
ballroom_partner_Koko Iwasaki,-0.25721139494775275,,,-0.10520961670717288,0.5537010216972437,-0.1900115993730279,True,-0.15200177824057987,,,
celebrity_homecountry/region_Taiwan China,-0.26949591312651106,4.60568726818867,-0.05851372388826971,-0.7084067792640053,17.078345475188286,-0.0414798248631983,True,0.43891086613749425,17.688477588029993,0.024813377180323903,0.9802038208973614
ballroom_partner_Lacey Schwimmer,-0.2903448283659238,0.5985883920111504,-0.4850492128496125,-0.9987256083547991,,,True,0.7083807799888753,,,
celebrity_homecountry/region_Chile,-0.29496755705908745,3.124259564790565,-0.0944119881661819,-0.5383694666157651,7.245728338171336,-0.07430163559673807,True,0.24340190955667768,7.8906005461412425,0.030847070274734545,0.9753915016125798
ballroom_partner_Chelsie Hightower,-0.29655039451122706,0.8070707996168817,-0.36744037159069587,-1.182460994482131,,,True,0.8859105999709038,,,
celebrity_homecountry/region_Australia,-0.29999223863034014,5.825784783165985,-0.05149387589757672,-0.8501267570173416,18.42274907275468,-0.046145488583709274,True,0.5501345183870014,19.321942235123565,0.028472009267627506,0.977285692344138
celebrity_industry_Sports Broadcaster,-0.3287557807537042,,,-0.37411541366074497,96201133.79546294,-3.888887780222701e-09,True,0.04535963290704076,,,
celebrity_homecountry/region_Poland,-0.384242759979885,4.912133350597687,-0.07822319398823568,-0.8427481721120422,10.451967725917898,-0.08063057542956885,True,0.45850541213215723,11.548709165862798,0.03970187538252917,0.9683308065183309
celebrity_homecountry/region_Italy,-0.3988183972706163,3.5675500175068504,-0.11179055523076503,-1.8382858711466947,13.026850797443014,-0.1411151397778751,True,1.4394674738760784,13.506526378986376,0.10657569781343781,0.9151255990910552
celebrity_homecountry/region_South Africa,-0.4121990217856916,1.6283563496803768,-0.25313809343182186,-2.921552481491271,,,True,2.5093534597055793,,,
celebrity_industry_Magician,-0.4162406334375577,22.7419472481056,-0.018302770158445007,-5.4284032011010614,255650.78342074296,-2.1233665426196432e-05,True,5.012162567663504,255650.78443227155,1.9605504355459367e-05,0.9999843570707689
celebrity_homecountry/region_Yugoslavia,-0.6017371684914239,0.0,,-4.511854409970126,,,True,3.910117241478702,,,
ballroom_partner_Elena Grinenko,-0.6017595203112726,0.7669302081357746,-0.7846340044083114,-2.795648215537531,2.6018693856904216,-1.0744767707836682,True,2.193888695226258,2.7125460815153417,0.8087931520045035,0.4186341358634098
ballroom_partner_Anna Demidova,-0.6279846335180239,0.6647412355773533,-0.9447053979923408,-0.29584147037660113,,,True,-0.3321431631414228,,,
intercept,-1.847070929367464,,,-0.45953354380495964,,,True,-1.3875373855625044,,,
